{
  "parent": "minecraft:recipes/root",
  "criteria": {
    "has_raw_sapphire": {
      "conditions": {
        "items": [
          {
            "items": [
              "tutorialmod:raw_sapphire"
            ]
          }
        ]
      },
      "trigger": "minecraft:inventory_changed"
    },
    "has_the_recipe": {
      "conditions": {
        "recipe": "tutorialmod:sapphire_from_smelting_raw_sapphire"
      },
      "trigger": "minecraft:recipe_unlocked"
    }
  },
  "requirements": [
    [
      "has_raw_sapphire",
      "has_the_recipe"
    ]
  ],
  "rewards": {
    "recipes": [
      "tutorialmod:sapphire_from_smelting_raw_sapphire"
    ]
  },
  "sends_telemetry_event": false
}