{
	"credit": "Made with Blockbench",
	"texture_size": [32, 32],
	"textures": {
		"0": "tutorialmod:item/sapphire_staff_3d",
		"particle": "tutorialmod:item/sapphire_staff_3d"
	},
	"elements": [
		{
			"name": "staff_grip",
			"from": [7.25, 0, 7.25],
			"to": [8.75, 11, 8.75],
			"rotation": {"angle": 0, "axis": "y", "origin": [8, 6.5, 8]},
			"faces": {
				"north": {"uv": [0, 0, 1, 5.5], "texture": "#0"},
				"east": {"uv": [1.5, 0, 2.5, 5.5], "texture": "#0"},
				"south": {"uv": [3, 0, 4, 5.5], "texture": "#0"},
				"west": {"uv": [4.5, 0, 5.5, 5.5], "texture": "#0"},
				"up": {"uv": [7, 8, 6, 7], "texture": "#0"},
				"down": {"uv": [8.5, 0, 7.5, 1], "texture": "#0"}
			}
		},
		{
			"name": "staff_pommel_ring_bottom",
			"from": [7, 1, 7],
			"to": [9, 2, 9],
			"faces": {
				"north": {"uv": [9, 4, 10, 4.5], "texture": "#0"},
				"east": {"uv": [4.5, 9, 5.5, 9.5], "texture": "#0"},
				"south": {"uv": [9, 5, 10, 5.5], "texture": "#0"},
				"west": {"uv": [9, 6, 10, 6.5], "texture": "#0"},
				"up": {"uv": [5.5, 7, 4.5, 6], "texture": "#0"},
				"down": {"uv": [7, 5.5, 6, 6.5], "texture": "#0"}
			}
		},
		{
			"name": "staff_pommel_ring_top",
			"from": [7, 9, 7],
			"to": [9, 10, 9],
			"faces": {
				"north": {"uv": [10.5, 1, 11.5, 1.5], "texture": "#0"},
				"east": {"uv": [10.5, 2, 11.5, 2.5], "texture": "#0"},
				"south": {"uv": [10.5, 3, 11.5, 3.5], "texture": "#0"},
				"west": {"uv": [10.5, 4, 11.5, 4.5], "texture": "#0"},
				"up": {"uv": [8.5, 5.5, 7.5, 4.5], "texture": "#0"},
				"down": {"uv": [8.5, 6, 7.5, 7], "texture": "#0"}
			}
		},
		{
			"name": "chappe_base",
			"from": [7, 11, 7],
			"to": [9, 12, 9],
			"faces": {
				"north": {"uv": [7.5, 7.5, 8.5, 8], "texture": "#0"},
				"east": {"uv": [0, 8, 1, 8.5], "texture": "#0"},
				"south": {"uv": [1.5, 8, 2.5, 8.5], "texture": "#0"},
				"west": {"uv": [6, 8.5, 7, 9], "texture": "#0"},
				"up": {"uv": [4, 7, 3, 6], "texture": "#0"},
				"down": {"uv": [7, 4, 6, 5], "texture": "#0"}
			}
		},
		{
			"from": [6.5, 12, 6.5],
			"to": [9.5, 14, 9.5],
			"faces": {
				"north": {"uv": [12, 1.5, 13.5, 2.5], "texture": "#0"},
				"east": {"uv": [12, 1.5, 13.5, 2.5], "texture": "#0"},
				"south": {"uv": [12, 1, 13.5, 2], "texture": "#0"},
				"west": {"uv": [12, 1, 13.5, 2], "texture": "#0"},
				"up": {"uv": [12, 1, 13.5, 2.5], "texture": "#0"},
				"down": {"uv": [12, 1, 13.5, 2.5], "texture": "#0"}
			}
		}
	],
	"display": {
		"ground": {
			"rotation": [67.28, -28.64, -41.92],
			"translation": [0, -1.25, 0]
		},
		"gui": {
			"rotation": [0, 0, -46.5],
			"translation": [-0.75, -0.5, 0]
		},
		"fixed": {
			"translation": [0, -1.25, 0]
		}
	},
	"groups": [
		{
			"name": "hilt",
			"origin": [0, 0, 0],
			"color": 0,
			"nbt": "{}",
			"children": [
				0,
				1,
				2,
				{
					"name": "chappe",
					"origin": [0, 0, 0],
					"color": 0,
					"nbt": "{}",
					"children": [3]
				}
			]
		},
		4
	]
}