{
  "parent": "minecraft:item/generated",
  "overrides": [
    {
      "model": "tutorialmod:item/sapphire_boots_quartz_trim",
      "predicate": {
        "minecraft:trim_type": 0.1
      }
    },
    {
      "model": "tutorialmod:item/sapphire_boots_iron_trim",
      "predicate": {
        "minecraft:trim_type": 0.2
      }
    },
    {
      "model": "tutorialmod:item/sapphire_boots_netherite_trim",
      "predicate": {
        "minecraft:trim_type": 0.3
      }
    },
    {
      "model": "tutorialmod:item/sapphire_boots_redstone_trim",
      "predicate": {
        "minecraft:trim_type": 0.4
      }
    },
    {
      "model": "tutorialmod:item/sapphire_boots_copper_trim",
      "predicate": {
        "minecraft:trim_type": 0.5
      }
    },
    {
      "model": "tutorialmod:item/sapphire_boots_gold_trim",
      "predicate": {
        "minecraft:trim_type": 0.6
      }
    },
    {
      "model": "tutorialmod:item/sapphire_boots_emerald_trim",
      "predicate": {
        "minecraft:trim_type": 0.7
      }
    },
    {
      "model": "tutorialmod:item/sapphire_boots_diamond_trim",
      "predicate": {
        "minecraft:trim_type": 0.8
      }
    },
    {
      "model": "tutorialmod:item/sapphire_boots_lapis_trim",
      "predicate": {
        "minecraft:trim_type": 0.9
      }
    },
    {
      "model": "tutorialmod:item/sapphire_boots_amethyst_trim",
      "predicate": {
        "minecraft:trim_type": 1.0
      }
    }
  ],
  "textures": {
    "layer0": "tutorialmod:item/sapphire_boots"
  }
}