{
  "variants": {
    "age=0": {
      "model": "tutorialmod:block/corn_stage_0"
    },
    "age=1": {
      "model": "tutorialmod:block/corn_stage_1"
    },
    "age=2": {
      "model": "tutorialmod:block/corn_stage_2"
    },
    "age=3": {
      "model": "tutorialmod:block/corn_stage_3"
    },
    "age=4": {
      "model": "tutorialmod:block/corn_stage_4"
    },
    "age=5": {
      "model": "tutorialmod:block/corn_stage_5"
    },
    "age=6": {
      "model": "tutorialmod:block/corn_stage_6"
    },
    "age=7": {
      "model": "tutorialmod:block/corn_stage_7"
    },
    "age=8": {
      "model": "tutorialmod:block/corn_stage_8"
    }
  }
}